{
    "-1.0": {
        "precision": 0.6212121212121212,
        "recall": 0.9111111111111111,
        "f1-score": 0.7387387387387386,
        "support": 45
    },
    "1.0": {
        "precision": 0.7647058823529411,
        "recall": 0.34210526315789475,
        "f1-score": 0.4727272727272727,
        "support": 38
    },
    "accuracy": 0.6506024096385542,
    "macro avg": {
        "precision": 0.6929590017825311,
        "recall": 0.626608187134503,
        "f1-score": 0.6057330057330057,
        "support": 83
    },
    "weighted avg": {
        "precision": 0.6869080600476772,
        "recall": 0.6506024096385542,
        "f1-score": 0.6169503567093927,
        "support": 83
    }
}