{
    "-1.0": {
        "precision": 0.6296296296296297,
        "recall": 0.7555555555555555,
        "f1-score": 0.6868686868686867,
        "support": 45
    },
    "1.0": {
        "precision": 0.6206896551724138,
        "recall": 0.47368421052631576,
        "f1-score": 0.5373134328358208,
        "support": 38
    },
    "accuracy": 0.6265060240963856,
    "macro avg": {
        "precision": 0.6251596424010217,
        "recall": 0.6146198830409356,
        "f1-score": 0.6120910598522538,
        "support": 83
    },
    "weighted avg": {
        "precision": 0.6255366292757236,
        "recall": 0.6265060240963856,
        "f1-score": 0.6183976067090614,
        "support": 83
    }
}