{
    "-1.0": {
        "precision": 0.0,
        "recall": 0.0,
        "f1-score": 0.0,
        "support": 43
    },
    "1.0": {
        "precision": 0.45569620253164556,
        "recall": 1.0,
        "f1-score": 0.6260869565217391,
        "support": 36
    },
    "accuracy": 0.45569620253164556,
    "macro avg": {
        "precision": 0.22784810126582278,
        "recall": 0.5,
        "f1-score": 0.31304347826086953,
        "support": 79
    },
    "weighted avg": {
        "precision": 0.20765902900176253,
        "recall": 0.45569620253164556,
        "f1-score": 0.285305448541552,
        "support": 79
    }
}