{
    "-1.0": {
        "precision": 0.5185185185185185,
        "recall": 1.0,
        "f1-score": 0.6829268292682926,
        "support": 14
    },
    "1.0": {
        "precision": 0.0,
        "recall": 0.0,
        "f1-score": 0.0,
        "support": 13
    },
    "accuracy": 0.5185185185185185,
    "macro avg": {
        "precision": 0.25925925925925924,
        "recall": 0.5,
        "f1-score": 0.3414634146341463,
        "support": 27
    },
    "weighted avg": {
        "precision": 0.2688614540466392,
        "recall": 0.5185185185185185,
        "f1-score": 0.35411020776874436,
        "support": 27
    }
}