{
    "-1.0": {
        "precision": 0.5476190476190477,
        "recall": 1.0,
        "f1-score": 0.7076923076923077,
        "support": 46
    },
    "1.0": {
        "precision": 0.0,
        "recall": 0.0,
        "f1-score": 0.0,
        "support": 38
    },
    "accuracy": 0.5476190476190477,
    "macro avg": {
        "precision": 0.27380952380952384,
        "recall": 0.5,
        "f1-score": 0.35384615384615387,
        "support": 84
    },
    "weighted avg": {
        "precision": 0.2998866213151928,
        "recall": 0.5476190476190477,
        "f1-score": 0.3875457875457876,
        "support": 84
    }
}