{
    "-1.0": {
        "precision": 0.0,
        "recall": 0.0,
        "f1-score": 0.0,
        "support": 46
    },
    "1.0": {
        "precision": 0.4523809523809524,
        "recall": 1.0,
        "f1-score": 0.6229508196721312,
        "support": 38
    },
    "accuracy": 0.4523809523809524,
    "macro avg": {
        "precision": 0.2261904761904762,
        "recall": 0.5,
        "f1-score": 0.3114754098360656,
        "support": 84
    },
    "weighted avg": {
        "precision": 0.2046485260770975,
        "recall": 0.4523809523809524,
        "f1-score": 0.2818110850897736,
        "support": 84
    }
}